{
	"format_version" : "1.10.0",
	"animation_controllers" : {
		"controller.animation.cloudskater.base_pose" : {
			"initial_state" : "default",
			"states" : {
				"default" : {
					"animations" : [ "base_pose" ],
					"particle_effects" : [
						{
							"effect" : "wing_cloud",
							"locator" : "left_wing"
						},
						{
							"effect" : "wing_cloud",
							"locator" : "right_wing"
						}
					]
				}
			}
		},
		"controller.animation.cloudskater.move" : {
			"initial_state" : "default",
			"states" : {
				"default" : {
					"animations" : [ "move" ]
				}
			}
		}
	}
}
