{
    "format_version": "1.10",
    "minecraft:item": {
        "components": {
            "minecraft:max_stack_size": 64,
            "netease:cooldown": {
                "category": "wind",
                "duration": 1
            },
            "netease:customtips": {
                "value": "长按以发射风，向气旋中心地面发射可吹散整个气旋"
            },
            "netease:projectile": "celestia:wind"
        },
        "description": {
            "category": "equipment",
            "custom_item_type": "projectile_item",
            "identifier": "celestia:wind"
        }
    }
}