{
  "format_version": "1.10.0",
  "particle_effect": {
    "description": {
      "identifier": "celestia:wind_hit_particle",
      "basic_render_parameters": {
        "material": "particles_alpha",
        "texture": "textures/particle/particles"
      }
    },
    "components": {
      "minecraft:emitter_rate_instant": {
        "num_particles": 128
      },
      "minecraft:emitter_lifetime_once": {
        "active_time": 1
      },
      "minecraft:emitter_shape_sphere": {
        "radius": 4,
        "direction": "outwards"
      },
      "minecraft:particle_lifetime_expression": {
        "max_lifetime": "4 / Math.random(1, 5) + 0.1"
      },
      "minecraft:particle_initial_speed": 8,
      "minecraft:particle_motion_dynamic": {
        "linear_acceleration": [0, 2, 0],
        "linear_drag_coefficient": 2.5
      },
      "minecraft:particle_appearance_billboard": {
        "size": [
          "variable.particle_random_1 * variable.particle_random_2 * 0.6 + 0.1",
          "variable.particle_random_1 * variable.particle_random_2 * 0.6 + 0.1"
        ],
        "facing_camera_mode": "lookat_xyz",
        "uv": {
          "texture_width": 128,
          "texture_height": 128,
          "flipbook": {
            "base_UV": [56, 0],
            "size_UV": [8, 8],
            "step_UV": [-8, 0],
            "frames_per_second": 8,
            "max_frame": 8,
            "stretch_to_lifetime": true
          }
        }
      },
      "minecraft:particle_appearance_tinting": {
        "color": [
          "Math.clamp(variable.particle_random_1 * 0.3 + 0.7, 0, 1)",
          "Math.clamp(variable.particle_random_1 * 0.3 + 0.7, 0, 1)",
          "Math.clamp(variable.particle_random_1 * 0.3 + 0.7, 0, 1)",
          1
        ]
      }
    }
  }
}
