{
	"format_version": "1.8.0",
	"minecraft:spawn_rules": {
		"description": {
			"identifier": "minecraft:chicken",
			"population_control": "animal"
		},
		"conditions": [
			{
				"minecraft:spawns_on_surface": {},
				"minecraft:spawns_underground": {},
				"minecraft:brightness_filter": {
					"min": 4,
					"max": 15,
					"adjust_for_weather": false
				},
				"minecraft:weight": {
					"default": 10
				},
				"minecraft:herd": {
					"min_size": 4,
					"max_size": 8
				},
				"minecraft:biome_filter": [
					{
						"any_of": [
							{
								"test": "has_biome_tag",
								"operator": "==",
								"value": "overworld"
							},
							{
								"test": "has_biome_tag",
								"operator": "==",
								"value": "overworld_generation"
							},
							{
								"test": "has_biome_tag",
								"operator": "==",
								"value": "the_end"
							},
							{
								"test": "has_biome_tag",
								"operator": "==",
								"value": "animal"
							}
						]
					}
				]
			}
		]
	}
}