{
	"format_version": "1.8.0",
	"minecraft:spawn_rules": {
		"description": {
			"identifier": "minecraft:wolf",
			"population_control": "animal"
		},
		"conditions": [
			{
				"minecraft:spawns_on_surface": {},
				"minecraft:spawns_underground": {},
				"minecraft:brightness_filter": {
					"min": 4,
					"max": 15,
					"adjust_for_weather": false
				},
				"minecraft:weight": {
					"default": 10
				},
				"minecraft:herd": {
					"min_size": 4,
					"max_size": 4
				},
				"minecraft:biome_filter": {
					"all_of": [
						{
							"test": "has_biome_tag",
							"operator": "==",
							"value": "taiga"
						},
						{
							"test": "has_biome_tag",
							"operator": "!=",
							"value": "mega"
						}
					]
				}
			}
		]
	}
}