{
  "format_version": "1.13.0",
  "minecraft:entity": {
    "description": {
      "identifier": "celestia:cloudskater",
      "is_spawnable": true,
      "is_summonable": true,
      "is_experimental": false
    },
    "component_groups": {},
    "components": {
      "minecraft:is_hidden_when_invisible": {},
      "minecraft:leashable": {},
      "minecraft:leashable_to": {},
      "minecraft:fire_immune": {},
      "minecraft:experience_reward": {
        "on_death": "query.last_hit_by_player ? 5 : 0"
      },
      "minecraft:type_family": {
        "family": ["cloudskater", "mob"]
      },
      "minecraft:collision_box": {
        "width": 0.5,
        "height": 0.25
      },
      "minecraft:health": {
        "value": 40,
        "max": 40
      },
      "minecraft:hurt_on_condition": {
        "damage_conditions": [
          {
            "filters": {
              "test": "in_lava",
              "subject": "self",
              "operator": "==",
              "value": true
            },
            "cause": "lava",
            "damage_per_tick": 1
          }
        ]
      },
      "minecraft:loot": {
        "table": "loot_tables/entities/cloudskater.json"
      },
      "minecraft:scale": {
        "value": 8.0
      },
      "minecraft:breathable": {
        "total_supply": 60, // Seconds
        "suffocate_time": 0,
        "breathes_air": true,
        "breathes_water": true
      },
      "minecraft:damage_sensor": {
        "triggers": {
          "cause": "fall",
          "deals_damage": false
        }
      },
      "minecraft:movement": {
        "value": 0.32
      },
      "minecraft:underwater_movement": {
        "value": 0.32
      },
      "minecraft:game_event_movement_tracking": {
        "emit_flap": true
      },
      "minecraft:conditional_bandwidth_optimization": {},
      "minecraft:can_fly": {},
      "minecraft:navigation.fly": {
        // Allows the mob to go through water
        "is_amphibious": true,
        "can_path_from_air": true,
        "can_path_over_water": true,
        "can_swim": true,
        "can_walk": true,
        "can_breach": false,
        "can_sink": false
      },
      "minecraft:movement.glide": {
        "max_turn": 4.0,
        "start_speed": 1.0,
        "speed_when_turning": 1.2
      },
      "minecraft:behavior.circle_around_anchor": {
        "priority": 4,
        "radius_change": 1.0,
        "radius_adjustment_chance": 0.0004,
        "height_adjustment_chance": 0.0002857,
        "goal_radius": 16.0,
        "angle_change": 1.0,
        "radius_range": [64.0, 128.0],
        "height_offset_range": [-16.0, 16.0],
        "height_above_target_range": [4.0, 64.0]
      },
      // "minecraft:movement.sway": {
      // 	"sway_amplitude": 0.0
      // },
      "minecraft:physics": {
        "has_gravity": false
      },
      "minecraft:pushable": {
        "is_pushable": true,
        "is_pushable_by_piston": true
      },
      "minecraft:behavior.tempt": {
        "priority": 2,
        "speed_multiplier": 1.2,
        "items": ["celestia:cloud"]
      },
      "minecraft:rideable": {
        "seat_count": 1,
        "interact_text": "action.interact.mount",
        "family_types": ["player"],
        "seats": {
          "position": [0.0, 0.4, 0.5]
        }
      },
      "minecraft:item_controllable": {
        "control_items": ["celestia:cloud"]
      },
      "minecraft:behavior.controlled_by_player": {
        "priority": 0,
        "mount_speed_multiplier": 1.6
      },
      "minecraft:attack": {
        "damage": 8
      },
      "minecraft:behavior.hurt_by_target": {
        "priority": 1
      },
      "minecraft:behavior.melee_attack": {
        "priority": 2,
        "speed_multiplier": 1.6,
        "track_target": true
      },
      "minecraft:behavior.nearest_attackable_target": {
        "priority": 1,
        "within_radius": 64,
        "reselect_targets": true,
        "entity_types": [
          {
            "filters": {
              "test": "is_family",
              "subject": "other",
              "value": "phantom"
            },
            "max_dist": 64
          },
          {
            "filters": {
              "test": "is_family",
              "subject": "other",
              "value": "cloud_moth"
            },
            "max_dist": 64
          }
        ],
        "must_see": true,
        "must_see_forget_duration": 16.0,
        "scan_interval": 10,
        "target_search_height": 96.0
      },
      "minecraft:behavior.avoid_mob_type": {
        "priority": 3,
        "max_dist": 16.0,
        "ignore_visibility": true,
        "entity_types": [
          {
            "filters": {
              "any_of": [
                {
                  "test": "is_family",
                  "subject": "other",
                  "value": "windlin"
                }
              ]
            },
            "max_dist": 32,
            "walk_speed_multiplier": 1.2,
            "sprint_speed_multiplier": 1.2
          }
        ]
      },
      "minecraft:flocking": {
        "in_water": false,
        "match_variants": true,
        "use_center_of_mass": false,
        "low_flock_limit": 4,
        "high_flock_limit": 8,
        "goal_weight": 2.0,
        "loner_chance": 0.2,
        "influence_radius": 3.0,
        "breach_influence": 7.0,
        "separation_weight": 0.65,
        "separation_threshold": 0.15,
        "cohesion_weight": 2.75,
        "cohesion_threshold": 1.5,
        "innner_cohesion_threshold": 1.5,
        "min_height": 4.0,
        "max_height": 16.0,
        "block_distance": 16.0,
        "block_weight": 0.85
      },
      "minecraft:nameable": {}
    },
    "events": {}
  }
}
