{
  "format_version": "1.13.0",
  "minecraft:entity": {
    "description": {
      "identifier": "celestia:cloudjelly",
      "runtime_identifier": "minecraft:vex",
      "is_spawnable": true,
      "is_summonable": true,
      "is_experimental": false
    },
    "component_groups": {
      "celestia:normal": {
        "minecraft:variant": {
          "value": 0
        }
      },
      "celestia:red": {
        "minecraft:variant": {
          "value": 1
        }
      },
      "celestia:orange": {
        "minecraft:variant": {
          "value": 2
        }
      },
      "celestia:yellow": {
        "minecraft:variant": {
          "value": 3
        }
      },
      "celestia:green": {
        "minecraft:variant": {
          "value": 4
        }
      },
      "celestia:cyan": {
        "minecraft:variant": {
          "value": 5
        }
      },
      "celestia:blue": {
        "minecraft:variant": {
          "value": 6
        }
      },
      "celestia:purple": {
        "minecraft:variant": {
          "value": 7
        }
      }
    },
    "components": {
      "minecraft:is_hidden_when_invisible": {},
      "minecraft:leashable_to": {},
      "minecraft:fire_immune": {},
      "minecraft:experience_reward": {
        "on_death": "query.last_hit_by_player ? 8 : 0"
      },
      "minecraft:type_family": {
        "family": ["cloudjelly", "mob"]
      },
      "minecraft:collision_box": {
        "width": 0.1,
        "height": 0.1
      },
      "minecraft:custom_hit_test": {
        "hitboxes": [
          {
            "width": 1.0,
            "height": 1.0,
            "pivot": [0.0, 0.5, 0.0]
          }
        ]
      },
      "minecraft:health": {
        "value": 4,
        "max": 4
      },
      "minecraft:hurt_on_condition": {
        "damage_conditions": [
          {
            "filters": {
              "test": "in_lava",
              "subject": "self",
              "operator": "==",
              "value": true
            },
            "cause": "lava",
            "damage_per_tick": 1
          }
        ]
      },
      "minecraft:leashable": {
        "soft_distance": 8.0,
        "hard_distance": 12.0,
        "max_distance": 32.0
      },
      "minecraft:mob_effect": {
        "effect_range": 0.2,
        "mob_effect": "poison",
        "effect_time": 8,
        "entity_filter": {
          "any_of": [
            {
              "test": "is_family",
              "subject": "other",
              "operator": "!=",
              "value": "cloudjelly"
            }
          ]
        }
      },
      "minecraft:loot": {
        "table": "loot_tables/entities/cloudjelly.json"
      },
      "minecraft:scale": {
        "value": 1.6
      },
      "minecraft:breathable": {
        "total_supply": 60, // Seconds
        "suffocate_time": 0,
        "breathes_air": true,
        "breathes_water": true
      },
      "minecraft:movement": {
        "value": 0.16
      },
      "minecraft:underwater_movement": {
        "value": 0.16
      },
      "minecraft:game_event_movement_tracking": {
        "emit_flap": true
      },
      "minecraft:conditional_bandwidth_optimization": {},
      "minecraft:can_fly": {},
      "minecraft:navigation.fly": {
        // Allows the mob to go through water
        "is_amphibious": true,
        "can_path_from_air": true,
        "can_path_over_water": true,
        "can_swim": true,
        "can_walk": true,
        "can_breach": false,
        "can_sink": false
      },
      "minecraft:movement.glide": {
        "max_turn": 0.1,
        "start_speed": 0.1,
        "speed_when_turning": 0.1
      },
      "minecraft:behavior.circle_around_anchor": {
        "priority": 4,
        "radius_change": 1.0,
        "radius_adjustment_chance": 0.0004,
        "height_adjustment_chance": 0.0002857,
        "goal_radius": 16.0,
        "angle_change": 1.0,
        "radius_range": [64.0, 128.0],
        "height_offset_range": [-64.0, 64.0],
        "height_above_target_range": [4.0, 64.0]
      },
      "minecraft:physics": {
        "has_gravity": false,
        "has_collision": false
      },
      "minecraft:pushable": {
        "is_pushable": true,
        "is_pushable_by_piston": true
      },
      "minecraft:attack": {
        "damage": 1
      },
      "minecraft:nameable": {}
    },
    "events": {
      "minecraft:entity_spawned": {
        "sequence": [
          {
            "randomize": [
              {
                "weight": 1,
                "add": {
                  "component_groups": ["celestia:normal"]
                }
              },
              {
                "weight": 1,
                "add": {
                  "component_groups": ["celestia:red"]
                }
              },
              {
                "weight": 1,
                "add": {
                  "component_groups": ["celestia:orange"]
                }
              },
              {
                "weight": 1,
                "add": {
                  "component_groups": ["celestia:yellow"]
                }
              },
              {
                "weight": 1,
                "add": {
                  "component_groups": ["celestia:green"]
                }
              },
              {
                "weight": 1,
                "add": {
                  "component_groups": ["celestia:cyan"]
                }
              },
              {
                "weight": 1,
                "add": {
                  "component_groups": ["celestia:blue"]
                }
              },
              {
                "weight": 1,
                "add": {
                  "component_groups": ["celestia:purple"]
                }
              }
            ]
          }
        ]
      }
    }
  }
}
