{
  "format_version": "1.13.0",
  "minecraft:entity": {
    "description": {
      "identifier": "celestia:cloud_moth",
      "runtime_identifier": "minecraft:silverfish",
      "is_spawnable": true,
      "is_summonable": true,
      "is_experimental": false
    },
    "component_groups": {
      "minecraft:silverfish_calm": {
        "minecraft:on_target_acquired": {
          "event": "minecraft:become_angry",
          "target": "self"
        }
      },
      "minecraft:silverfish_angry": {
        "minecraft:angry": {
          "duration": -1,
          "broadcast_anger": true,
          "broadcast_range": 20,
          "calm_event": {
            "event": "minecraft:on_calm",
            "target": "self"
          }
        },
        "minecraft:behavior.melee_attack": {
          "priority": 4,
          "speed_multiplier": 1.0,
          "track_target": true
        },
        "minecraft:behavior.silverfish_wake_up_friends": {
          "priority": 1
        }
      }
    },
    "components": {
      "minecraft:nameable": {},
      "minecraft:experience_reward": {
        "on_death": "query.last_hit_by_player ? 5 : 0"
      },
      "minecraft:type_family": {
        "family": ["monster", "mob", "arthropod", "cloud_moth"]
      },
      "minecraft:breathable": {
        "total_supply": 15,
        "suffocate_time": 0
      },
      "minecraft:loot": {
        "table": "loot_tables/entities/silverfish.json"
      },
      "minecraft:health": {
        "value": 8,
        "max": 8
      },
      "minecraft:hurt_on_condition": {
        "damage_conditions": [
          {
            "filters": {
              "test": "in_lava",
              "subject": "self",
              "operator": "==",
              "value": true
            },
            "cause": "lava",
            "damage_per_tick": 4
          }
        ]
      },
      "minecraft:movement": {
        "value": 0.3
      },
      "minecraft:flying_speed": {
        "value": 0.2
      },
      "minecraft:navigation.hover": {
        "can_path_over_water": true,
        "can_sink": false,
        "can_path_from_air": true,
        "avoid_water": true,
        "avoid_damage_blocks": false,
        "avoid_sun": false
      },
      "minecraft:movement.hover": {},
      "minecraft:jump.static": {},
      "minecraft:can_fly": {},
      "minecraft:can_climb": {},
      "minecraft:attack": {
        "damage": 1
      },
      "minecraft:collision_box": {
        "width": 0.4,
        "height": 0.3
      },
      "minecraft:behavior.random_hover": {
        "priority": 12,
        "xz_dist": 8,
        "y_dist": 8,
        "y_offset": -1,
        "interval": 1,
        "hover_height": [1, 4]
      },
      "minecraft:behavior.float": {
        "priority": 20
      },
      "minecraft:follow_range": {
        "value": 1024
      },
      "minecraft:damage_sensor": {
        "triggers": {
          "cause": "fall",
          "deals_damage": false
        }
      },
      "minecraft:behavior.silverfish_merge_with_stone": {
        "priority": 5
      },
      "minecraft:behavior.move_to_block": {
        "priority": 4,
        "tick_interval": 1,
        "start_chance": 0.5,
        "search_range": 32,
        "search_height": 24,
        "goal_radius": 0.0,
        "stay_duration": 0.0,
        "target_selection_method": "random",
        "target_offset": [0.0, 0.0, 0.0],
        "target_blocks": ["minecraft:fire", "minecraft:lava"],
        "on_stay_completed": []
      },
      "minecraft:behavior.nearest_attackable_target": {
        "priority": 2,
        "entity_types": [
          {
            "filters": {
              "any_of": [
                {
                  "test": "is_family",
                  "subject": "other",
                  "value": "player"
                },
                {
                  "test": "is_family",
                  "subject": "other",
                  "value": "villager"
                },
                {
                  "test": "is_family",
                  "subject": "other",
                  "value": "illager"
                },
                {
                  "test": "is_family",
                  "subject": "other",
                  "value": "witch"
                },
                {
                  "test": "is_family",
                  "subject": "other",
                  "value": "enderman"
                },
                {
                  "test": "is_family",
                  "subject": "other",
                  "value": "snowgolem"
                },
                {
                  "test": "is_family",
                  "subject": "other",
                  "value": "irongolem"
                }
              ]
            },
            "max_dist": 16,
            "attack_interval": 10
          }
        ]
      },
      "minecraft:behavior.hurt_by_target": {
        "priority": 1,
        "alert_same_type": true
      },
      "minecraft:physics": {},
      "minecraft:pushable": {
        "is_pushable": true,
        "is_pushable_by_piston": true
      }
    },
    "events": {
      "minecraft:entity_spawned": {
        "remove": {},
        "add": {
          "component_groups": ["minecraft:silverfish_calm"]
        }
      },
      "minecraft:become_angry": {
        "remove": {
          "minecraft:silverfish_calm": {}
        },
        "add": {
          "component_groups": ["minecraft:silverfish_angry"]
        }
      },
      "minecraft:on_calm": {
        "remove": {
          "minecraft:silverfish_angry": {}
        },
        "add": {
          "component_groups": ["minecraft:silverfish_calm"]
        }
      }
    }
  }
}
