{
  "format_version": "1.13.0",
  "minecraft:entity": {
    "description": {
      "identifier": "celestia:windlin",
      "runtime_identifier": "minecraft:ghast",
      "is_spawnable": true,
      "is_summonable": true,
      "is_experimental": false
    },
    "component_groups": {
      "celestia:windlin_baby": {
        "minecraft:is_baby": {},
        "minecraft:scale": {
          "value": 0.5
        },
        "minecraft:movement": {
          "value": 0.06
        },
        "minecraft:flying_speed": {
          "value": 0.2
        },
        "minecraft:experience_reward": {
          "on_death": "query.last_hit_by_player ? 1 + (query.equipment_count * Math.Random(1,2)) : 0"
        },
        "minecraft:behavior.panic": {
          "priority": 1,
          "speed_multiplier": 1.1
        }
      }
    },
    "components": {
      "minecraft:conditional_bandwidth_optimization": {},
      "minecraft:is_hidden_when_invisible": {},
      "minecraft:leashable": {},
      "minecraft:leashable_to": {},
      "minecraft:fire_immune": {},
      "minecraft:nameable": {},
      "minecraft:can_fly": {},
      "minecraft:movement.hover": {},
      "minecraft:inventory": {
        "inventory_size": 8
      },
      "minecraft:movement": {
        "value": 0.1
      },
      "minecraft:flying_speed": {
        "value": 0.4
      },
      "minecraft:follow_range": {
        "value": 64
      },
      "minecraft:behavior.barter": {
        "priority": 0
      },
      "minecraft:loot": {
        "table": "loot_tables/empty.json"
      },
      "minecraft:experience_reward": {
        "on_death": "query.last_hit_by_player ? 5 + (query.equipment_count * Math.Random(1,3)) : 0"
      },
      "minecraft:breathable": {
        "total_supply": 15,
        "suffocate_time": 0
      },
      "minecraft:health": {
        "value": 16,
        "max": 16
      },
      "minecraft:collision_box": {
        "width": 3.2,
        "height": 3.2
      },
      "minecraft:behavior.panic": {
        "priority": 1,
        "speed_multiplier": 2.0
      },
      // "minecraft:behavior.look_at_player": {
      //   "priority": 8,
      //   "target_distance": 8.0,
      //   "probability": 0.02
      // },
      // "minecraft:behavior.random_look_around": {
      //   "priority": 8
      // },
      "minecraft:navigation.hover": {
        "can_path_over_water": true,
        "can_sink": false,
        "can_pass_doors": false,
        "can_path_from_air": true,
        "avoid_water": true,
        "avoid_damage_blocks": true,
        "avoid_sun": false
      },
      "minecraft:behavior.random_hover": {
        "priority": 9,
        "xz_dist": 16,
        "y_dist": 16,
        "y_offset": 0,
        "interval": 4,
        "hover_height": [165, 256]
      },
      "minecraft:shooter": {
        "def": "celestia:wind"
      },
      "minecraft:type_family": {
        "family": ["windlin", "mob"]
      },
      "minecraft:damage_sensor": {
        "triggers": {
          "cause": "fall",
          "deals_damage": false
        }
      },
      "minecraft:jump.static": {},
      "minecraft:behavior.float": {
        "priority": 7
      },
      "minecraft:behavior.ranged_attack": {
        "priority": 1,
        "attack_radius": 32,
        "charge_shoot_trigger": 2,
        "charge_charged_trigger": 1
      },
      "minecraft:behavior.hurt_by_target": {
        "priority": 1
      },
      "minecraft:interact": {
        "interactions": [
          {
            "on_interact": {
              "filters": {
                "all_of": [
                  {
                    "test": "has_equipment",
                    "subject": "other",
                    "domain": "hand",
                    "value": "celestia:cloud"
                  },
                  {
                    "test": "is_family",
                    "subject": "other",
                    "value": "player"
                  },
                  {
                    "test": "has_component",
                    "subject": "self",
                    "operator": "!=",
                    "value": "minecraft:is_baby"
                  }
                ]
              }
            },
            "barter": true,
            "admire": false,
            "use_item": true,
            "cooldown_after_being_attacked": 20,
            "interact_text": "action.interact.barter"
          }
        ]
      },
      "minecraft:behavior.nearest_attackable_target": {
        "priority": 2,
        "entity_types": [
          {
            "filters": {
              "any_of": [
                {
                  "test": "is_family",
                  "subject": "other",
                  "value": "weather_wind"
                },
                {
                  "all_of": [
                    {
                      "test": "has_equipment",
                      "subject": "other",
                      "domain": "hand",
                      "value": "celestia:wind"
                    },
                    {
                      "test": "is_family",
                      "subject": "other",
                      "value": "player"
                    }
                  ]
                },
                {
                  "test": "is_family",
                  "subject": "other",
                  "value": "monster"
                },
                {
                  "test": "is_family",
                  "subject": "other",
                  "value": "chicken"
                },
                {
                  "test": "is_family",
                  "subject": "other",
                  "value": "dragon"
                }
              ]
            },
            "max_dist": 32
          }
        ],
        "must_see": true
      },
      "minecraft:physics": {},
      "minecraft:pushable": {
        "is_pushable": true,
        "is_pushable_by_piston": true
      },
      "minecraft:behavior.pickup_items": {
        "priority": 0,
        "max_dist": 48,
        "search_height": 48,
        "goal_radius": 4,
        "speed_multiplier": 1.2,
        "pickup_based_on_chance": false,
        "can_pickup_any_item": false,
        "cooldown_after_being_attacked": 20.0
      },
      "minecraft:shareables": {
        "singular_pickup": false,
        "items": [
          {
            "item": "celestia:cloud",
            "priority": 0,
            "pickup_limit": 1,
            "admire": false,
            "barter": true
          }
        ]
      },
      "minecraft:barter": {
        "barter_table": "loot_tables/entities/windlin_barter.json",
        "cooldown_after_being_attacked": 20
      }
    },
    "events": {
      "minecraft:entity_spawned": {
        "randomize": [
          {
            "weight": 5,
            "trigger": "celestia:spawn_baby"
          },
          {
            "weight": 95,
            "trigger": "celestia:spawn_adult"
          }
        ]
      },
      "minecraft:entity_born": {
        "trigger": "celestia:spawn_baby"
      },
      "celestia:spawn_baby": {
        "add": {
          "component_groups": ["celestia:windlin_baby"]
        }
      },
      "celestia:spawn_adult": {}
    }
  }
}
