{
  "format_version": "1.16.0",
  "minecraft:entity": {
    "description": {
      "identifier": "celestia:wind_kb",
      "is_spawnable": false,
      "is_summonable": true,
      "is_experimental": false
    },
    "component_groups": {
      "celestia:despawn": {
        "minecraft:instant_despawn": {}
      }
    },
    "components": {
      "minecraft:type_family": {
        "family": ["wind"]
      },
      "minecraft:damage_sensor": {
        "triggers": {
          "cause": "all",
          "deals_damage": "no"
        }
      },
      "minecraft:behavior.knockback_roar": {
        "attack_time": 0.05,
        "cooldown_time": 0.1,
        "duration": 0.1,
        "knockback_damage": 0,
        "knockback_horizontal_strength": 3,
        "knockback_range": 8,
        "knockback_vertical_strength": 3,
        "knockback_height_cap": 3,
        "track_target": false,
        "knockback_strength": 1,
        "knockback_filters": {
          "all_of": [
            {
              "test": "is_underwater",
              "value": false,
              "subject": "other"
            }
          ]
        },
        "damage_filters": {},
        "on_roar_end": {
          "event": "celestia:despawn",
          "target": "self"
        }
      }
    },
    "events": {
      "celestia:despawn": {
        "queue_command": {
          "command": ["playsound wind.hit @a ~ ~ ~", "fill ~4 ~4 ~4 ~-4 ~-4 ~-4 air replace fire", "xp 16 @a[r=8]"]
        },
        "add": {
          "component_groups": ["celestia:despawn"]
        }
      }
    }
  }
}
