{
	"format_version": "1.8.0",
	"render_controllers": {
		"controller.render.cloudjelly": {
			"arrays": {
				"textures": {
					"Array.skins": [
						"Texture.normal",
						"Texture.red",
						"Texture.orange",
						"Texture.yellow",
						"Texture.green",
						"Texture.cyan",
						"Texture.blue",
						"Texture.purple"
					]
				}
			},
			"geometry": "Geometry.default",
			"textures": [
				"Array.skins[query.variant]"
			],
			"materials": [
				{
					"*": "Material.default"
				}
			]
		}
	}
}