{
  "format_version": "1.13.0",
  "minecraft:feature_rules": {
    "description": {
      "identifier": "celestia:oasis_grass_feature",
      "places_feature": "celestia:oasis_random_grass_feature"
    },
    "conditions": {
      "placement_pass": "after_sky_pass",
      "minecraft:biome_filter": [
        {
          "all_of": [
            {
              "all_of": [
                {
                  "test": "has_biome_tag",
                  "operator": "!=",
                  "value": "desert"
                },
                {
                  "test": "has_biome_tag",
                  "operator": "!=",
                  "value": "desert_hills"
                },
                {
                  "test": "has_biome_tag",
                  "operator": "!=",
                  "value": "desert_mutated"
                },
                {
                  "test": "has_biome_tag",
                  "operator": "!=",
                  "value": "beach"
                }
              ]
            },
            {
              "any_of": [
                {
                  "test": "has_biome_tag",
                  "operator": "==",
                  "value": "overworld"
                },
                {
                  "test": "has_biome_tag",
                  "operator": "==",
                  "value": "overworld_generation"
                },
                {
                  "test": "has_biome_tag",
                  "operator": "==",
                  "value": "the_end"
                }
              ]
            }
          ]
        }
      ]
    },
    "distribution": {
      "iterations": 4096,
      "scatter_chance": 100,
      "x": {
        "distribution": "uniform",
        "extent": [0, 15]
      },
      "y": {
        "distribution": "uniform",
        "extent": [128, 256]
      },
      "z": {
        "distribution": "uniform",
        "extent": [0, 15]
      }
    }
  }
}
