{
  "format_version": "1.14.0",
  "minecraft:feature_rules": {
    "description": {
      "identifier": "celestia:sandstone_feature",
      "places_feature": "celestia:scatter_sandstone_feature"
    },
    "conditions": {
      "placement_pass": "after_sky_pass",
      "minecraft:biome_filter": [
        {
          "all_of": [
            {
              "any_of": [
                {
                  "test": "has_biome_tag",
                  "operator": "==",
                  "value": "desert"
                },
                {
                  "test": "has_biome_tag",
                  "operator": "==",
                  "value": "desert_hills"
                },
                {
                  "test": "has_biome_tag",
                  "operator": "==",
                  "value": "desert_mutated"
                },
                {
                  "test": "has_biome_tag",
                  "operator": "==",
                  "value": "beach"
                }
              ]
            },
            {
              "any_of": [
                {
                  "test": "has_biome_tag",
                  "operator": "==",
                  "value": "overworld"
                },
                {
                  "test": "has_biome_tag",
                  "operator": "==",
                  "value": "overworld_generation"
                },
                {
                  "test": "has_biome_tag",
                  "operator": "==",
                  "value": "the_end"
                }
              ]
            }
          ]
        }
      ]
    },
    "distribution": {
      "iterations": 1,
      "coordinate_eval_order": "xzy",
      "x": 0,
      "y": 128,
      "z": 0
    }
  }
}
