{
  "format_version": "1.13.0",
  "minecraft:feature_rules": {
    "description": {
      "identifier": "celestia:skyware_fortress0_feature",
      "places_feature": "celestia:skyware_fortress0_structure"
    },
    "conditions": {
      "placement_pass": "final_pass",
      "minecraft:biome_filter": [
        {
          "any_of": [
            {
              "test": "has_biome_tag",
              "operator": "==",
              "value": "overworld"
            },
            {
              "test": "has_biome_tag",
              "operator": "==",
              "value": "overworld_generation"
            }
          ]
        }
      ]
    },
    "distribution": {
      "iterations": 1,
      "scatter_chance": 0.1,
      "x": 0,
      "y": {
        "distribution": "uniform",
        "extent": [256, 280]
      },
      "z": 0
    }
  }
}
