{
  "format_version": "1.10.0",
  "particle_effect": {
    "description": {
      "identifier": "celestia:anticyclone_particle",
      "basic_render_parameters": {
        "material": "particles_alpha",
        "texture": "textures/particle/particles"
      }
    },
    "components": {
      "minecraft:emitter_initialization": {
        "creation_expression": "variable.radius = 16;"
      },
      "minecraft:emitter_local_space": {
        "position": true,
        "rotation": true
      },
      "minecraft:emitter_rate_steady": {
        "spawn_rate": 160,
        "max_particles": 512
      },
      "minecraft:emitter_lifetime_expression": {
        "activation_expression": 1
      },
      "minecraft:emitter_shape_box": {
        "offset": [0, 24, 0],
        "half_dimensions": [4, 24, 4],
        "direction": [
          "variable.radius*math.sin(variable.emitter_age*360)",
          -16,
          "variable.radius*math.cos(variable.emitter_age*360)"
        ]
      },
      "minecraft:particle_lifetime_expression": {
        "max_lifetime": "4 / Math.random(1, 5) + 0.1"
      },
      "minecraft:particle_initial_speed": 16,
      "minecraft:particle_motion_dynamic": {},
      "minecraft:particle_appearance_billboard": {
        "size": [
          "variable.particle_random_1 * variable.particle_random_2 * 0.8 + 1.0",
          "variable.particle_random_1 * variable.particle_random_2 * 0.8 + 1.0"
        ],
        "facing_camera_mode": "lookat_xyz",
        "uv": {
          "texture_width": 128,
          "texture_height": 128,
          "flipbook": {
            "base_UV": [0, 0],
            "size_UV": [8, 8],
            "step_UV": [8, 0],
            "frames_per_second": 8,
            "max_frame": 8,
            "stretch_to_lifetime": true
          }
        }
      },
      "minecraft:particle_appearance_lighting": {},
      "minecraft:particle_appearance_tinting": {
        "color": [
          "Math.clamp(variable.particle_random_1 * 0.3 + 0.7, 0, 1)",
          "Math.clamp(variable.particle_random_1 * 0.3 + 0.7, 0, 1)",
          "Math.clamp(variable.particle_random_1 * 0.3 + 0.7, 0, 1)",
          1
        ]
      }
    }
  }
}
