{
  "format_version": "1.10.0",
  "particle_effect": {
    "description": {
      "identifier": "celestia:cloudskater_trail_particle",
      "basic_render_parameters": {
        "material": "particles_alpha",
        "texture": "textures/particle/particles"
      }
    },
    "components": {
      "minecraft:emitter_rate_steady": {
        "spawn_rate": 16,
        "max_particles": 64
      },
      "minecraft:emitter_lifetime_expression": {
        "activation_expression": 1
      },
      "minecraft:emitter_shape_point": {
        "direction": ["Math.random(-0.008, 0.008)", "Math.random(-0.008, 0.008)", "Math.random(-0.008, 0.008)"]
      },
      "minecraft:particle_lifetime_expression": {
        "max_lifetime": "Math.Random(5, 1)"
      },
      "minecraft:particle_initial_speed": 2,
      "minecraft:particle_motion_dynamic": {
        "linear_drag_coefficient": 0.5
      },
      "minecraft:particle_appearance_billboard": {
        "size": [
          "variable.particle_random_1 * variable.particle_random_2 * 0.6 + 0.1",
          "variable.particle_random_1 * variable.particle_random_2 * 0.6 + 0.1"
        ],
        "facing_camera_mode": "lookat_xyz",
        "uv": {
          "texture_width": 128,
          "texture_height": 128,
          "flipbook": {
            "base_UV": [56, 0],
            "size_UV": [8, 8],
            "step_UV": [-8, 0],
            "frames_per_second": 8,
            "max_frame": 8,
            "stretch_to_lifetime": true
          }
        }
      },
      "minecraft:particle_appearance_tinting": {
        "color": [
          "Math.clamp(variable.particle_random_3 * 0.2 + 0.8, 0, 1)",
          "Math.clamp(variable.particle_random_3 * 0.2 + 0.8, 0, 1)",
          "Math.clamp(variable.particle_random_3 * 0.2 + 0.8, 0, 1)",
          1
        ]
      }
    }
  }
}
