{
	"format_version": "1.8.0",
	"geometry.cloudskater": {
		"texturewidth": 64,
		"textureheight": 64,
		"visible_bounds_width": 32,
		"visible_bounds_height": 24,
		"visible_bounds_offset": [0, 0, 0],
		"bones": [
			{
				"name": "body",
				"pivot": [0, 26, -8],
				"cubes": [
					{"origin": [-2.5, 23, -8], "size": [5, 3, 17], "uv": [7, 0]}
				]
			},
			{
				"name": "wing0",
				"parent": "body",
				"pivot": [2.5, 26, -8],
				"cubes": [
					{"origin": [2.5, 24, -8], "size": [6, 2, 11], "uv": [0, 20]}
				]
			},
			{
				"name": "wingtip0",
				"parent": "wing0",
				"pivot": [8.5, 26, -8],
				"cubes": [
					{"origin": [8.5, 25, -8], "size": [13, 1, 11], "uv": [0, 33]}
				],
				"locators": {
					"left_wing": [21.5, 26, -8]
				}
			},
			{
				"name": "wing1",
				"parent": "body",
				"pivot": [-2.5, 26, -8],
				"mirror": true,
				"cubes": [
					{"origin": [-8.5, 24, -8], "size": [6, 2, 11], "uv": [0, 20]}
				]
			},
			{
				"name": "wingtip1",
				"parent": "wing1",
				"pivot": [-8.5, 26, -8],
				"mirror": true,
				"cubes": [
					{"origin": [-21.5, 25, -8], "size": [13, 1, 11], "uv": [0, 33]}
				],
				"locators": {
					"right_wing": [-21.5, 26, -8]
				}
			},
			{
				"name": "head",
				"parent": "body",
				"pivot": [0, 24.5, -8],
				"cubes": [
					{"origin": [-3.5, 23, -13], "size": [7, 3, 5], "uv": [0, 0]}
				]
			},
			{
				"name": "tail",
				"parent": "body",
				"pivot": [0, 26, 9],
				"cubes": [
					{"origin": [-1.5, 24, 9], "size": [3, 2, 10], "uv": [38, 0]}
				]
			},
			{
				"name": "tailtip",
				"parent": "tail",
				"pivot": [0, 25.5, 19],
				"cubes": [
					{"origin": [-0.5, 24.5, 19], "size": [1, 1, 10], "uv": [42, 12]}
				]
			}
		]
	}
}