{
  "format_version": "1.13.0",
  "minecraft:single_block_feature": {
    "description": {
      "identifier": "celestia:cottage0_anchor_feature"
    },
    "places_block": "minecraft:poppy",
    "enforce_survivability_rules": false,
    "enforce_placement_rules": false,
    "may_attach_to": {
      "bottom": [
        "minecraft:stone",
        "minecraft:grass_block",
        "minecraft:podzol",
        "minecraft:mycelium",
        "minecraft:moss_block"
      ],
      "top": ["minecraft:air"]
    },
    "may_replace": ["minecraft:air"]
  }
}
