{
  "format_version": "1.13.0",
  "minecraft:single_block_feature": {
    "description": {
      "identifier": "celestia:pink_petals_feature"
    },
    "places_block": {
      "name": "minecraft:pink_petals",
      "states": {
        "direction": 0,
        "growth": 7
      }
    },
    "enforce_survivability_rules": false,
    "enforce_placement_rules": false,
    "may_attach_to": {
      "bottom": [
        "minecraft:stone",
        "minecraft:grass_block",
        "minecraft:podzol",
        "minecraft:mycelium",
        "minecraft:moss_block"
      ]
    },
    "may_replace": ["minecraft:air"]
  }
}
