{
  "format_version": "1.13.0",
  "minecraft:entity": {
    "description": {
      "identifier": "celestia:herobrine",
      "runtime_identifier": "minecraft:player",
      "is_spawnable": false,
      "is_summonable": true,
      "is_experimental": false
    },
    "component_groups": {
      "celestia:despawn": {
        "minecraft:instant_despawn": {}
      }
    },
    "components": {
      "minecraft:type_family": {
        "family": ["herobrine", "mob"]
      },
      "minecraft:breathable": {
        "total_supply": 15,
        "suffocate_time": -1,
        "inhale_time": 3.75,
        "generates_bubbles": false
      },
      "minecraft:nameable": {},
      "minecraft:health": {
        "value": 20,
        "max": 20
      },
      "minecraft:attack": {
        "damage": 1
      },
      "minecraft:movement": {
        "value": 0.3
      },
      "minecraft:navigation.walk": {
        "can_path_over_water": true,
        "avoid_water": true,
        "avoid_damage_blocks": true
      },
      "minecraft:movement.basic": {},
      "minecraft:jump.static": {},
      "minecraft:can_climb": {},
      "minecraft:collision_box": {
        "width": 0.6,
        "height": 1.8
      },
      "minecraft:behavior.random_stroll": {
        "priority": 7,
        "speed_multiplier": 1.0
      },
      "minecraft:behavior.look_at_player": {
        "priority": 8,
        "look_distance": 6.0,
        "probability": 0.02
      },
      "minecraft:behavior.random_look_around": {
        "priority": 9
      },
      "minecraft:physics": {},
      "minecraft:pushable": {
        "is_pushable": true,
        "is_pushable_by_piston": true
      },
      "minecraft:damage_sensor": {
        "triggers": [
          {
            "deals_damage": false
          }
        ]
      },
      "minecraft:environment_sensor": {
        "triggers": {
          "filters": {
            "all_of": [
              {
                "test": "distance_to_nearest_player",
                "subject": "self",
                "operator": "<=",
                "value": 16.0
              }
            ]
          },
          "event": "celestia:despawn"
        }
      }
    },
    "events": {
      "celestia:despawn": {
        "add": {
          "component_groups": ["celestia:despawn"]
        }
      }
    }
  }
}
