{
    "format_version": "1.8.0",
    "minecraft:spawn_rules": {
        "description": {
            "identifier": "minecraft:turtle",
            "population_control": "animal"
        },
        "conditions": [
            {
                "minecraft:spawns_on_surface": {},
				"minecraft:spawns_underground": {},
                "minecraft:brightness_filter": {
                    "min": 4,
                    "max": 15,
                    "adjust_for_weather": false
                },
                "minecraft:height_filter": {
                    "min": 0,
                    "max": 256
                },
                "minecraft:weight": {
                    "default": 12
                },
                "minecraft:herd": {
                    "min_size": 4,
                    "max_size": 6
                },
                "minecraft:biome_filter": [
                    {"test": "has_biome_tag", "operator": "==", "value": "beach" },
                    {"test": "has_biome_tag", "operator": "==", "value": "warm"}
                ]
            }
        ]
    }
}