{
	"format_version": "1.8.0",
	"geometry.cloud_moth": {
		"texturewidth": 64,
		"textureheight": 32,
		"visible_bounds_width": 3,
		"visible_bounds_height": 2,
		"visible_bounds_offset": [0, 1, 0],
		"bones": [
			{
				"name": "bodyPart_2",
				"pivot": [0, 4, 1],
				"cubes": [
					{"origin": [-3, 0, -0.5], "size": [6, 4, 3], "uv": [0, 9]}
				]
			},
			{
				"name": "leftwing_bone",
				"parent": "bodyPart_2",
				"pivot": [1, 4, 0],
				"rotation": [15, 15, 0],
				"cubes": [
					{"origin": [1, 4, 0], "size": [9, 0, 6], "uv": [40, 26]}
				]
			},
			{
				"name": "rightwing_bone",
				"parent": "bodyPart_2",
				"pivot": [-1, 4, 0],
				"rotation": [15, -15, 0],
				"cubes": [
					{"origin": [-10, 4, 0], "size": [9, 0, 6], "uv": [31, 20]}
				]
			},
			{
				"name": "bodyPart_1",
				"parent": "bodyPart_2",
				"pivot": [0, 1.5, -0.5],
				"cubes": [
					{"origin": [-2, 0, -2.5], "size": [4, 3, 2], "uv": [0, 4]}
				]
			},
			{
				"name": "bodyPart_0",
				"parent": "bodyPart_1",
				"pivot": [0, 1, -2.5],
				"cubes": [
					{"origin": [-1.5, 0, -4.5], "size": [3, 2, 2], "uv": [0, 0]}
				]
			},
			{
				"name": "bodyPart_3",
				"parent": "bodyPart_2",
				"pivot": [0, 3, 2.5],
				"cubes": [
					{"origin": [-1.5, 0, 2.5], "size": [3, 3, 3], "uv": [0, 16]}
				]
			},
			{
				"name": "bodyPart_4",
				"parent": "bodyPart_3",
				"pivot": [0, 2, 5.5],
				"cubes": [
					{"origin": [-1, 0, 5.5], "size": [2, 2, 3], "uv": [0, 22]}
				]
			},
			{
				"name": "bodyPart_5",
				"parent": "bodyPart_4",
				"pivot": [0, 1, 8.5],
				"cubes": [
					{"origin": [-1, 0, 8.5], "size": [2, 1, 2], "uv": [11, 0]}
				]
			},
			{
				"name": "bodyPart_6",
				"parent": "bodyPart_5",
				"pivot": [0, 1, 10.5],
				"cubes": [
					{"origin": [-0.5, 0, 10.5], "size": [1, 1, 2], "uv": [13, 4]}
				]
			}
		]
	}
}