{
	"format_version": "1.8.0",
	"geometry.windlin": {
		"texturewidth": 64,
		"textureheight": 64,
		"visible_bounds_width": 6,
		"visible_bounds_height": 10,
		"visible_bounds_offset": [0, 4, 0],
		"bones": [
			{
				"name": "body",
				"pivot": [0, 8, 0],
				"cubes": [
					{"origin": [-6, 0, -6], "size": [12, 12, 12], "uv": [0, 0]},
					{"origin": [-3, -6, -3], "size": [6, 6, 6], "uv": [36, 0]},
					{"origin": [-7, 2, -7], "size": [2, 3, 4], "uv": [1, 25]},
					{"origin": [5, 2, -7], "size": [2, 3, 4], "uv": [1, 25], "mirror": true},
					{"origin": [-5, -1, -7], "size": [10, 3, 4], "uv": [1, 25]},
					{"origin": [-7, 10, 3], "size": [2, 3, 2], "uv": [4, 28]},
					{"origin": [5, 10, 3], "size": [2, 3, 2], "uv": [4, 28], "mirror": true},
					{"origin": [-7, 10, -7], "size": [3, 3, 6], "uv": [3, 27]},
					{"origin": [4, 10, -7], "size": [3, 3, 6], "uv": [3, 27], "mirror": true},
					{"origin": [-2, 11, -7], "size": [4, 2, 2], "uv": [1, 25]},
					{"origin": [-1, 12, -8], "size": [2, 2, 2], "uv": [1, 25]}
				]
			},
			{
				"name": "cloud_front_up",
				"parent": "body",
				"pivot": [0, 12, -6],
				"cubes": [
					{"origin": [-8, 9, -5], "size": [3, 2, 6], "uv": [3, 27]},
					{"origin": [5, 9, -5], "size": [3, 2, 6], "uv": [3, 27], "mirror": true}
				]
			},
			{
				"name": "cloud_front_down",
				"parent": "body",
				"pivot": [0, 8, 0],
				"cubes": [
					{"origin": [-8, -2, -8], "size": [5, 6, 3], "uv": [2, 26]},
					{"origin": [3, -2, -8], "size": [5, 6, 3], "uv": [2, 26], "mirror": true}
				]
			},
			{
				"name": "cloud_behind_up",
				"parent": "body",
				"pivot": [0, 8, 4],
				"cubes": [
					{"origin": [-8, 8, 4], "size": [4, 6, 4], "uv": [2, 26]},
					{"origin": [-9, 13, 7], "size": [2, 2, 2], "uv": [4, 28]},
					{"origin": [4, 8, 4], "size": [4, 6, 4], "uv": [2, 26], "mirror": true},
					{"origin": [7, 13, 7], "size": [2, 2, 2], "uv": [4, 28], "mirror": true}
				]
			},
			{
				"name": "cloud_behind_down",
				"parent": "body",
				"pivot": [0, 1, 5],
				"cubes": [
					{"origin": [-8, -2, 3], "size": [5, 3, 5], "uv": [0, 24]},
					{"origin": [-10, 0, 7], "size": [3, 3, 3], "uv": [2, 26]},
					{"origin": [-10, 2, 10], "size": [0, 2, 2], "uv": [3, 27]},
					{"origin": [3, -2, 3], "size": [5, 3, 5], "uv": [0, 24], "mirror": true},
					{"origin": [7, 0, 7], "size": [3, 3, 3], "uv": [2, 26], "mirror": true},
					{"origin": [10, 2, 10], "size": [0, 2, 2], "uv": [3, 27], "mirror": true}
				]
			},
			{
				"name": "cloud",
				"parent": "body",
				"pivot": [0, 8, 6],
				"cubes": [
					{"origin": [-3, 7, 9], "size": [6, 3, 3], "uv": [3, 27]},
					{"origin": [-1, 8, 12], "size": [2, 3, 2], "uv": [4, 28]}
				]
			},
			{
				"name": "tentacle",
				"parent": "body",
				"pivot": [0, -6, -1],
				"cubes": [
					{"origin": [-1, -20, -1], "size": [2, 14, 2], "uv": [48, 12]}
				]
			}
		]
	}
}