{
  "format_version": "1.12.0",
  "minecraft:geometry": [
    {
      "description": {
        "identifier": "geometry.wind",
        "texture_width": 16,
        "texture_height": 16,
        "visible_bounds_width": 2,
        "visible_bounds_height": 2,
        "visible_bounds_offset": [0, 0, 0]
      },
      "bones": [
        {
          "name": "wind",
          "pivot": [0, 0, 0],
          "locators": {
            "locator": {
              "offset": [0, 0, 0],
              "rotation": [0, 0, 0]
            }
          }
        }
      ]
    }
  ]
}
