{
  "format_version": "1.13.0",
  "minecraft:ore_feature": {
    "description": {
      "identifier": "celestia:coarse_dirt_feature"
    },
    "count": 24,
    "replace_rules": [
      {
        "places_block": {
          "name": "minecraft:dirt",
          "states": {
            "dirt_type": "coarse"
          }
        },
        "may_replace": [
          {
            "name": "minecraft:dirt"
          },
          {
            "name": "minecraft:grass_block"
          }
        ]
      }
    ]
  }
}
