{
  "format_version": "1.13.0",
  "minecraft:ore_feature": {
    "description": {
      "identifier": "celestia:emerald_ore_feature"
    },
    "count": 4,
    "replace_rules": [
      {
        "places_block": "minecraft:emerald_ore",
        "may_replace": [
          {
            "name": "minecraft:stone"
          }
        ]
      },
      {
        "places_block": "minecraft:deepslate_emerald_ore",
        "may_replace": [
          {
            "name": "minecraft:deepslate"
          }
        ]
      }
    ]
  }
}
