{
  "format_version": "1.13.0",
  "minecraft:single_block_feature": {
    "description": {
      "identifier": "celestia:spore_blossom_feature"
    },
    "places_block": "minecraft:spore_blossom",
    "enforce_survivability_rules": false,
    "enforce_placement_rules": false,
    "may_attach_to": {
      "top": [
        "minecraft:deepslate",
        "minecraft:stone",
        "minecraft:dirt",
        "minecraft:cave_vines",
        "minecraft:cave_vines_body_with_berries",
        "minecraft:cave_vines_head_with_berries"
      ]
    },
    "may_replace": ["minecraft:air"]
  }
}
