{
  "format_version": "1.13.0",
  "minecraft:multiface_feature": {
    "description": {
      "identifier": "minecraft:vines_feature"
    },
    "places_block": "minecraft:vine",
    "search_range": 16,
    "can_place_on_floor": true,
    "can_place_on_ceiling": true,
    "can_place_on_wall": true,
    "chance_of_spreading": 0.8,
    "can_place_on": [
      "minecraft:grass_block",
      "minecraft:dirt",
      "minecraft:obsidian",
      "minecraft:deepslate",
      "minecraft:stone"
    ]
  }
}
