{
  "format_version": "1.12.0",
  "minecraft:geometry": [
    {
      "description": {
        "identifier": "geometry.celestia.old_full_block",
        "texture_width": 16,
        "texture_height": 16,
        "visible_bounds_width": 3,
        "visible_bounds_height": 2,
        "visible_bounds_offset": [0, 1, 0]
      },
      "bones": [
        {
          "name": "north_face",
          "pivot": [0, 0, 0],
          "cubes": [
            {
              "origin": [-8, 0, -8],
              "size": [16, 16, 0],
              "uv": {
                "north": { "uv": [0, 0], "uv_size": [16, 16] },
                "east": { "uv": [0, 0], "uv_size": [16, 16] },
                "south": { "uv": [0, 0], "uv_size": [16, 16] },
                "west": { "uv": [0, 0], "uv_size": [16, 16] },
                "up": { "uv": [16, 16], "uv_size": [-16, -16] },
                "down": { "uv": [16, 16], "uv_size": [-16, -16] }
              }
            }
          ]
        },
        {
          "name": "east_face",
          "pivot": [0, 0, 0],
          "cubes": [
            {
              "origin": [-8, 0, -8],
              "size": [0, 16, 16],
              "uv": {
                "north": { "uv": [0, 0], "uv_size": [16, 16] },
                "east": { "uv": [0, 0], "uv_size": [16, 16] },
                "south": { "uv": [0, 0], "uv_size": [16, 16] },
                "west": { "uv": [0, 0], "uv_size": [16, 16] },
                "up": { "uv": [16, 16], "uv_size": [-16, -16] },
                "down": { "uv": [16, 16], "uv_size": [-16, -16] }
              }
            }
          ]
        },
        {
          "name": "south_face",
          "pivot": [0, 0, 0],
          "cubes": [
            {
              "origin": [-8, 0, 8],
              "size": [16, 16, 0],
              "uv": {
                "north": { "uv": [0, 0], "uv_size": [16, 16] },
                "east": { "uv": [0, 0], "uv_size": [16, 16] },
                "south": { "uv": [0, 0], "uv_size": [16, 16] },
                "west": { "uv": [0, 0], "uv_size": [16, 16] },
                "up": { "uv": [16, 16], "uv_size": [-16, -16] },
                "down": { "uv": [16, 16], "uv_size": [-16, -16] }
              }
            }
          ]
        },
        {
          "name": "west_face",
          "pivot": [0, 0, 0],
          "cubes": [
            {
              "origin": [8, 0, -8],
              "size": [0, 16, 16],
              "uv": {
                "north": { "uv": [0, 0], "uv_size": [16, 16] },
                "east": { "uv": [0, 0], "uv_size": [16, 16] },
                "south": { "uv": [0, 0], "uv_size": [16, 16] },
                "west": { "uv": [0, 0], "uv_size": [16, 16] },
                "up": { "uv": [16, 16], "uv_size": [-16, -16] },
                "down": { "uv": [16, 16], "uv_size": [-16, -16] }
              }
            }
          ]
        },
        {
          "name": "up_face",
          "pivot": [0, 0, 0],
          "cubes": [
            {
              "origin": [-8, 16, -8],
              "size": [16, 0, 16],
              "uv": {
                "north": { "uv": [0, 0], "uv_size": [16, 16] },
                "east": { "uv": [0, 0], "uv_size": [16, 16] },
                "south": { "uv": [0, 0], "uv_size": [16, 16] },
                "west": { "uv": [0, 0], "uv_size": [16, 16] },
                "up": { "uv": [16, 16], "uv_size": [-16, -16] },
                "down": { "uv": [16, 16], "uv_size": [-16, -16] }
              }
            }
          ]
        },
        {
          "name": "down_face",
          "pivot": [0, 0, 0],
          "cubes": [
            {
              "origin": [-8, 0, -8],
              "size": [16, 0, 16],
              "uv": {
                "north": { "uv": [0, 0], "uv_size": [16, 16] },
                "east": { "uv": [0, 0], "uv_size": [16, 16] },
                "south": { "uv": [0, 0], "uv_size": [16, 16] },
                "west": { "uv": [0, 0], "uv_size": [16, 16] },
                "up": { "uv": [16, 16], "uv_size": [-16, -16] },
                "down": { "uv": [16, 16], "uv_size": [-16, -16] }
              }
            }
          ]
        }
      ]
    }
  ]
}
