{
  "format_version": "1.13.0",
  "minecraft:feature_rules": {
    "description": {
      "identifier": "celestia:moss_block_feature",
      "places_feature": "celestia:moss_block_feature"
    },
    "conditions": {
      "placement_pass": "final_pass",
      "minecraft:biome_filter": [
        {
          "any_of": [
            {
              "test": "has_biome_tag",
              "operator": "==",
              "value": "overworld"
            },
            {
              "test": "has_biome_tag",
              "operator": "==",
              "value": "overworld_generation"
            },
            {
              "test": "has_biome_tag",
              "operator": "==",
              "value": "the_end"
            }
          ]
        }
      ]
    },
    "distribution": {
      "iterations": 256,
      "coordinate_eval_order": "zyx",
      "x": {
        "distribution": "uniform",
        "extent": [0, 15]
      },
      "y": {
        "distribution": "uniform",
        "extent": [128, 256]
      },
      "z": {
        "distribution": "uniform",
        "extent": [0, 15]
      }
    }
  }
}
