{
  "format_version": "1.13.0",
  "minecraft:feature_rules": {
    "description": {
      "identifier": "celestia:stone_pile_feature2",
      "places_feature": "celestia:stone_pile2_structure"
    },
    "conditions": {
      "placement_pass": "final_pass",
      "minecraft:biome_filter": [
        {
          "any_of": [
            {
              "test": "has_biome_tag",
              "operator": "==",
              "value": "overworld"
            },
            {
              "test": "has_biome_tag",
              "operator": "==",
              "value": "overworld_generation"
            },
            {
              "test": "has_biome_tag",
              "operator": "==",
              "value": "the_end"
            }
          ]
        }
      ]
    },
    "distribution": {
      "iterations": 1,
      "scatter_chance": 50,
      "x": {
        "distribution": "uniform",
        "extent": [0, 15]
      },
      "y": {
        "distribution": "uniform",
        "extent": [128, 256]
      },
      "z": {
        "distribution": "uniform",
        "extent": [0, 15]
      }
    }
  }
}
