{
  "format_version": "1.13.0",
  "minecraft:feature_rules": {
    "description": {
      "identifier": "celestia:tree_house_feature0",
      "places_feature": "celestia:tree_house0_structure"
    },
    "conditions": {
      "placement_pass": "final_pass",
      "minecraft:biome_filter": [
        {
          "any_of": [
            {
              "test": "has_biome_tag",
              "operator": "==",
              "value": "overworld"
            },
            {
              "test": "has_biome_tag",
              "operator": "==",
              "value": "overworld_generation"
            },
            {
              "test": "has_biome_tag",
              "operator": "==",
              "value": "the_end"
            }
          ]
        }
      ]
    },
    "distribution": {
      "iterations": 1,
      "scatter_chance": 4,
      "x": 0,
      "y": "query.above_top_solid(variable.worldx, variable.worldz) - 9",
      "z": 0
    }
  }
}
